<?xml version="1.0" encoding="UTF-8"?>
<Franquicia>
    <Nombre>Franquicia1</Nombre>
    <Director>Director1</Director>
    <Fundacion>1/1/1111</Fundacion>
    <Establecimientos>
        <estableciento>
            <Codigo>1</Codigo>
            <Poblacion>Poblacion1</Poblacion>
            <Direccion>Direccion1</Direccion>
            <FechaApertura>1/1/1111</FechaApertura>
            <Telefono>123456789</Telefono>
            <Email>establecimiento1@ejemplo.es</Email>
            <Fax>123456789</Fax>
            <Responsable>
                <Nombre>Nombre1</Nombre>
                <Movil>123456789</Movil>
                <Email>email1@ejemplo1.es</Email>
                <NIF>12345678A</NIF>
                <FechaContrato>1/1/1111</FechaContrato>
            </Responsable>
            <VentasAnuales>3000</VentasAnuales>
            <Empleados>
                <Empleado>
                    <Nombre>Nombre2</Nombre>
                    <Movil>123456789</Movil>
                    <Email>email2@ejemplo2.es</Email>
                    <NIF>12345678A</NIF>
                    <FechaContrato>2/2/2222</FechaContrato>
                </Empleado>
            </Empleados>
            <Horario>10:00-20:00</Horario>
        </estableciento>
        <estableciento>
            <Codigo>2</Codigo>
            <Poblacion>Poblacion2</Poblacion>
            <Direccion>Direccion2</Direccion>
            <FechaApertura>2/2/2222</FechaApertura>
            <Telefono>123456789</Telefono>
            <Email>establecimiento2@ejemplo.es</Email>
            <Fax>123456789</Fax>
            <Responsable>
                <Nombre>Nombre2</Nombre>
                <Movil>123456789</Movil>
                <Email>email2@ejemplo2.es</Email>
                <NIF>12345678A</NIF>
                <FechaContrato>2/2/2222</FechaContrato>
            </Responsable>
            <VentasAnuales>33000</VentasAnuales>
            <Empleados>
                <Empleado>
                    <Nombre>Nombre3</Nombre>
                    <Movil>123456789</Movil>
                    <Email>email3@ejemplo3.es</Email>
                    <NIF>12345678A</NIF>
                    <FechaContrato>2/2/2222</FechaContrato>
                </Empleado>
            </Empleados>
            <Horario>10:00-20:00</Horario>
        </estableciento>
    </Establecimientos> 
</Franquicia>