{
  "hash": "f5705eed",
  "configHash": "7f20f2bc",
  "lockfileHash": "f534e5d2",
  "browserHash": "365e54e6",
  "optimized": {
    "@angular/common/http": {
      "src": "../../../../../node_modules/@angular/common/fesm2022/http.mjs",
      "file": "@angular_common_http.js",
      "fileHash": "2d46c9f0",
      "needsInterop": false
    },
    "@angular/core": {
      "src": "../../../../../node_modules/@angular/core/fesm2022/core.mjs",
      "file": "@angular_core.js",
      "fileHash": "d45c1faa",
      "needsInterop": false
    },
    "@angular/platform-browser": {
      "src": "../../../../../node_modules/@angular/platform-browser/fesm2022/platform-browser.mjs",
      "file": "@angular_platform-browser.js",
      "fileHash": "77ffc8bc",
      "needsInterop": false
    },
    "@angular/router": {
      "src": "../../../../../node_modules/@angular/router/fesm2022/router.mjs",
      "file": "@angular_router.js",
      "fileHash": "0bab6515",
      "needsInterop": false
    },
    "@angular/common": {
      "src": "../../../../../node_modules/@angular/common/fesm2022/common.mjs",
      "file": "@angular_common.js",
      "fileHash": "64f10b2d",
      "needsInterop": false
    }
  },
  "chunks": {
    "chunk-7LGA4U3C": {
      "file": "chunk-7LGA4U3C.js"
    },
    "chunk-VWTW3NZA": {
      "file": "chunk-VWTW3NZA.js"
    },
    "chunk-3CMJADES": {
      "file": "chunk-3CMJADES.js"
    },
    "chunk-F5QST75L": {
      "file": "chunk-F5QST75L.js"
    }
  }
}