{
  "hash": "a345bb31",
  "configHash": "a0431bb1",
  "lockfileHash": "c54fa797",
  "browserHash": "5172402c",
  "optimized": {
    "@angular/common": {
      "src": "../../../../../node_modules/@angular/common/fesm2022/common.mjs",
      "file": "@angular_common.js",
      "fileHash": "80721d8a",
      "needsInterop": false
    },
    "@angular/core": {
      "src": "../../../../../node_modules/@angular/core/fesm2022/core.mjs",
      "file": "@angular_core.js",
      "fileHash": "f2975990",
      "needsInterop": false
    },
    "@angular/forms": {
      "src": "../../../../../node_modules/@angular/forms/fesm2022/forms.mjs",
      "file": "@angular_forms.js",
      "fileHash": "c918eb41",
      "needsInterop": false
    },
    "@angular/platform-browser": {
      "src": "../../../../../node_modules/@angular/platform-browser/fesm2022/platform-browser.mjs",
      "file": "@angular_platform-browser.js",
      "fileHash": "6db0e07d",
      "needsInterop": false
    },
    "@angular/router": {
      "src": "../../../../../node_modules/@angular/router/fesm2022/router.mjs",
      "file": "@angular_router.js",
      "fileHash": "4861905e",
      "needsInterop": false
    }
  },
  "chunks": {
    "chunk-BOYHD5NQ": {
      "file": "chunk-BOYHD5NQ.js"
    },
    "chunk-DOFSVNVU": {
      "file": "chunk-DOFSVNVU.js"
    },
    "chunk-JEC4O7TI": {
      "file": "chunk-JEC4O7TI.js"
    }
  }
}