{
  "hash": "7178f7d2",
  "configHash": "8de5474e",
  "lockfileHash": "4a2acc1d",
  "browserHash": "51bd9670",
  "optimized": {
    "@angular/common": {
      "src": "../../../../../node_modules/@angular/common/fesm2022/common.mjs",
      "file": "@angular_common.js",
      "fileHash": "bd128aa0",
      "needsInterop": false
    },
    "@angular/core": {
      "src": "../../../../../node_modules/@angular/core/fesm2022/core.mjs",
      "file": "@angular_core.js",
      "fileHash": "1abe6ee1",
      "needsInterop": false
    },
    "@angular/forms": {
      "src": "../../../../../node_modules/@angular/forms/fesm2022/forms.mjs",
      "file": "@angular_forms.js",
      "fileHash": "9bdead2c",
      "needsInterop": false
    },
    "@angular/platform-browser": {
      "src": "../../../../../node_modules/@angular/platform-browser/fesm2022/platform-browser.mjs",
      "file": "@angular_platform-browser.js",
      "fileHash": "c6ba19b5",
      "needsInterop": false
    },
    "@angular/router": {
      "src": "../../../../../node_modules/@angular/router/fesm2022/router.mjs",
      "file": "@angular_router.js",
      "fileHash": "0e3f087c",
      "needsInterop": false
    }
  },
  "chunks": {
    "chunk-BOYHD5NQ": {
      "file": "chunk-BOYHD5NQ.js"
    },
    "chunk-DOFSVNVU": {
      "file": "chunk-DOFSVNVU.js"
    },
    "chunk-JEC4O7TI": {
      "file": "chunk-JEC4O7TI.js"
    }
  }
}